iso_o,year,y_pred_aug_mig,y_pred_aug_gdelt,y_pred_aug_gdelt_tunned
ABW,2018,564.0952333369636,413.5180488076526,1861.4715644198473
ABW,2019,564.0952333369636,601.8845075938206,1818.607144772584
ABW,2020,564.0952333369636,413.5180488076526,1808.5616301481
ABW,2021,564.0952333369636,413.5180488076526,1820.7040595190015
AFG,2018,114796.94419323864,356838.92237083893,231988.93019817516
AFG,2019,129331.04480107511,182599.5845342744,229102.4370537789
AFG,2020,140069.80324736206,179315.11738044032,315800.8086533718
AFG,2021,189379.80483755044,260612.46023424304,352330.8488279913
AGO,2018,5876.456987015606,3654.6492824778147,5186.9358569481055
AGO,2019,5876.456987015606,3654.6492824778147,6937.243192420625
AGO,2020,3287.214129352035,3155.1171489786225,4767.611245562482
AGO,2021,3287.214129352035,3155.1171489786225,4296.54392797263
ALB,2018,28589.92102647678,38863.81708850864,27811.95842744137
ALB,2019,25130.63457288788,25409.444422958743,31754.746568099992
ALB,2020,13444.173678505304,38481.51044793949,24661.25180772408
ALB,2021,13444.173678505304,17875.83233576862,17747.74610078295
AND,2018,564.0952333369636,413.5180488076526,1781.3904283300067
AND,2019,564.0952333369636,413.5180488076526,1781.7288395462397
AND,2020,564.0952333369636,2291.0310106689412,1781.565103826726
AND,2021,564.0952333369636,1255.3042658651302,1813.9070784039423
ARE,2018,1638.2826981893593,850.6848827839624,1999.5648568303814
ARE,2019,1638.2826981893593,850.6848827839624,1946.955535296796
ARE,2020,1638.2826981893593,850.6848827839624,1920.5936368741181
ARE,2021,1256.219892170213,850.6848827839624,2030.9789908769978
ARG,2018,0.0,0.0,1946.5019646841206
ARG,2019,0.0,0.0,1901.3652824094634
ARG,2020,0.0,413.5180488076526,2048.2339311214123
ARG,2021,0.0,0.0,1939.6872048182959
ARM,2018,6929.93538956566,7084.039163252309,10109.68150253957
ARM,2019,5172.686382532973,5517.220671707507,8399.935714777552
ARM,2020,3287.214129352035,7880.827218311655,10079.93264610988
ARM,2021,3287.214129352035,5785.3870684066005,5178.920272754429
ATG,2018,564.0952333369636,413.5180488076526,1798.8334704947706
ATG,2019,564.0952333369636,413.5180488076526,1788.2469754753233
ATG,2020,564.0952333369636,413.5180488076526,1788.2469754753233
ATG,2021,564.0952333369636,413.5180488076526,1802.8909994958965
AUS,2018,457.5570558839984,413.5180488076526,1852.0123235673918
AUS,2019,457.5570558839984,413.5180488076526,2447.4799344681255
AUS,2020,457.5570558839984,413.5180488076526,1852.087594386002
AUS,2021,457.5570558839984,413.5180488076526,1841.5010993665546
AUT,2018,564.0952333369636,413.5180488076526,1820.406239478552
AUT,2019,946.1580393561098,413.5180488076526,1904.1924652080138
AUT,2020,946.1580393561098,413.5180488076526,1804.5993744405005
AUT,2021,946.1580393561098,413.5180488076526,1846.1932824795213
AZE,2018,3979.3387881852836,4250.839020276836,8437.973376669126
AZE,2019,3979.3387881852836,5954.387505683816,7047.346577988013
AZE,2020,90171.11595701735,43618.489188697575,67491.89593750662
AZE,2021,68529.95084423239,32854.34881788175,81960.21991882911
BDI,2018,25473.21641864863,19961.71260244952,49779.561322754314
BDI,2019,11340.087156695728,23486.66410289129,50577.444166387126
BDI,2020,37142.29850258596,58328.738400763374,86164.68504045821
BDI,2021,7036.192484564924,10254.502472151824,40668.59346307381
BEL,2018,946.1580393561098,413.5180488076526,1820.960422516921
BEL,2019,839.6198619031445,413.5180488076526,1820.960422516921
BEL,2020,839.6198619031445,413.5180488076526,1819.762783169971
BEL,2021,2454.019896833095,413.5180488076526,1821.3953169010779
BEN,2018,659.1473373165508,1011.8686133280646,2099.860206096776
BEN,2019,659.1473373165508,823.5021545418969,2134.7056145739575
BEN,2020,3248.3901949801193,1639.2254142987267,2243.5372412133474
BEN,2021,3248.3901949801193,2336.528482774594,2920.2687599916617
BFA,2018,3287.214129352035,6889.702331471017,12519.399329426935
BFA,2019,3287.214129352035,7061.410309147042,21570.590575500817
BFA,2020,2800.0089430849935,10411.624008646857,21787.940540029835
BFA,2021,5172.686382532973,56115.55827713163,43431.242257644226
BGD,2018,33389.174021567145,28914.072222955325,32463.23402922525
BGD,2019,24713.978033477557,25409.444422958743,24334.12280270927
BGD,2020,24713.978033477557,30264.976545749512,26272.84117694046
BGD,2021,13027.517139094984,19088.854627406377,19523.443632822935
BGR,2018,564.0952333369636,413.5180488076526,1826.710367747332
BGR,2019,564.0952333369636,413.5180488076526,1861.1389177114365
BGR,2020,564.0952333369636,967.9853031235078,1843.2314014130461
BGR,2021,564.0952333369636,413.5180488076526,1824.8547253661332
BHR,2018,1256.219892170213,1260.6689885182068,2001.7215193764105
BHR,2019,1256.219892170213,1260.6689885182068,1939.6414192639527
BHR,2020,1256.219892170213,850.6848827839624,1970.7775793546157
BHR,2021,1256.219892170213,1260.6689885182068,1981.6902057589984
BHS,2018,564.0952333369636,413.5180488076526,1833.7187689577204
BHS,2019,564.0952333369636,413.5180488076526,1829.02054225945
BHS,2020,564.0952333369636,413.5180488076526,1879.600712566922
BHS,2021,564.0952333369636,413.5180488076526,1947.986767986869
BIH,2018,3287.214129352035,44767.77083750258,17629.04618994734
BIH,2019,3119.6423054138104,3956.56135361755,3868.457248387262
BIH,2020,3119.6423054138104,3730.1470936106957,4074.940966656124
BIH,2021,2632.437119146769,7442.784520880632,5258.567170709231
BLR,2018,2820.05237120362,2438.309275063444,3651.8807869692937
BLR,2019,2830.8881095100915,2438.309275063444,3997.874375057604
BLR,2020,2830.8881095100915,30904.933695549476,27553.01904534766
BLR,2021,2830.8881095100915,17894.950269832196,5383.0395020626365
BLZ,2018,659.1473373165508,832.6783258309522,1963.3154925298447
BLZ,2019,659.1473373165508,832.6783258309522,1935.7208358637176
BLZ,2020,659.1473373165508,413.5180488076526,1885.3919418097857
BLZ,2021,659.1473373165508,413.5180488076526,1938.6467820000412
BOL,2018,1041.2101433356972,823.5021545418969,2139.7471695730287
BOL,2019,659.1473373165508,823.5021545418969,2599.043522227447
BOL,2020,659.1473373165508,1912.7384493818965,2121.6332232726127
BOL,2021,659.1473373165508,823.5021545418969,2057.8896114803015
BRA,2018,11155.980312069816,7075.074419784807,10411.615536268357
BRA,2019,0.0,2994.183773010402,16744.410551656085
BRA,2020,12568.433818321704,10342.581718817526,29991.21983251643
BRA,2021,9089.598679993891,11354.932956046472,40242.60396114756
BRB,2018,564.0952333369636,413.5180488076526,1788.2469754753233
BRB,2019,659.1473373165508,413.5180488076526,1788.2469754753233
BRB,2020,659.1473373165508,413.5180488076526,1788.2469754753233
BRB,2021,659.1473373165508,413.5180488076526,1791.5297801570373
BRN,2018,564.0952333369636,0.0,2071.5677659313824
BRN,2019,564.0952333369636,5833.790205262515,575.5615112409611
BRN,2020,564.0952333369636,579.114844751335,1388.6984053808633
BRN,2021,564.0952333369636,783.8418842498082,1861.4715644198473
BTN,2018,659.1473373165508,413.5180488076526,1875.4010357560924
BTN,2019,659.1473373165508,1260.4395449157246,1947.4989667913628
BTN,2020,659.1473373165508,413.5180488076526,1886.731406705028
BTN,2021,659.1473373165508,413.5180488076526,1888.2366878524413
BWA,2018,564.0952333369636,413.5180488076526,1790.6206071263273
BWA,2019,564.0952333369636,413.5180488076526,1790.6206071263273
BWA,2020,659.1473373165508,413.5180488076526,1802.4655400957058
BWA,2021,564.0952333369636,413.5180488076526,1802.8312133630538
CAF,2018,94518.33390253686,81286.25665950781,75174.8474595577
CAF,2019,67515.19173258258,57463.762561993135,69359.03220057726
CAF,2020,112071.1590747144,73166.2153974922,107824.29894855747
CAF,2021,84890.265173597,96822.48569537213,117840.07052914336
CAN,2018,342.3817825396909,975.9754994308997,1835.1805183583733
CAN,2019,457.5570558839984,413.5180488076526,1852.7637670734448
CAN,2020,342.3817825396909,50191.8288856824,1845.963508401604
CAN,2021,457.5570558839984,975.9754994308997,1912.8534239286428
CHE,2018,946.1580393561098,413.5180488076526,1824.6194520789331
CHE,2019,946.1580393561098,413.5180488076526,1816.4955663357932
CHE,2020,946.1580393561098,413.5180488076526,1820.662144116331
CHE,2021,946.1580393561098,413.5180488076526,1820.662144116331
CHL,2018,839.6198619031445,413.5180488076526,1860.7313612460694
CHL,2019,839.6198619031445,17365.55132155086,12504.557194631641
CHL,2020,1358.0785205339519,1377.3638302506574,3734.2846930359456
CHL,2021,2414.2880792430233,2248.2993816009093,6736.5254683991325
CHN,2018,40182.59357329427,38668.00826728692,34976.76852839602
CHN,2019,40087.54146931468,38522.23294987071,33183.51609863599
CHN,2020,35917.89691463521,44915.97303307183,38763.48514334828
CHN,2021,25658.51831153518,27637.042150086723,33565.71420076105
CIV,2018,13444.173678505304,10045.689287979814,19021.29004665774
CIV,2019,13444.173678505304,10234.055746765982,24598.167881290727
CIV,2020,13444.173678505304,10644.039852500224,21450.125385976597
CIV,2021,13444.173678505304,10045.689287979814,43540.508371032345
CMR,2018,13444.173678505304,19336.8872273636,26968.728572823777
CMR,2019,35930.772643985845,31131.615352897512,30982.2212599923
CMR,2020,36312.83545000498,30027.834446569002,34708.77675891727
CMR,2021,30050.618673006757,36896.48407465213,32533.429692358026
COD,2018,112441.63830951684,76358.82920228706,102427.15579620507
COD,2019,110984.47915669666,70439.7150644528,96452.8378537138
COD,2020,66626.44869568801,80788.52433609069,80831.50934208932
COD,2021,54299.330475096685,40895.007691356535,86498.41052014296
COG,2018,3979.3387881852836,5551.735727637931,5634.369137157536
COG,2019,3811.766964247059,5340.289012874291,4324.638516606404
COG,2020,3811.766964247059,7289.828042798953,4820.5500115966615
COG,2021,3811.766964247059,7289.828042798953,5632.914545917801
COL,2018,18701.848325990344,18794.524746291114,40295.05924448237
COL,2019,41188.447291470875,68940.32338717463,42904.08238294714
COL,2020,217859.60490557898,41471.16291114026,45061.869061513346
COL,2021,224048.88249938717,39559.51794956736,86278.72894248745
COM,2018,659.1473373165508,823.5021545418969,2112.3894078746735
COM,2019,659.1473373165508,413.5180488076526,2176.129796551908
COM,2020,2845.7928202377293,2198.38971232886,4030.0411718160035
COM,2021,1862.5127308246654,2001.1424410871339,6550.794847978892
CPV,2018,659.1473373165508,413.5180488076526,1800.4595452544104
CPV,2019,659.1473373165508,413.5180488076526,1800.1211340381774
CPV,2020,659.1473373165508,1843.4358922804565,1822.3639567672876
CPV,2021,659.1473373165508,672.4913286497214,1782.7745871471302
CRI,2018,564.0952333369636,413.5180488076526,1826.0269428789916
CRI,2019,564.0952333369636,413.5180488076526,1852.5110003600785
CRI,2020,564.0952333369636,413.5180488076526,1826.1928433111261
CRI,2021,946.1580393561098,601.8845075938206,1825.3803513460562
CYP,2018,946.1580393561098,601.8845075938206,1809.6462397488745
CYP,2019,946.1580393561098,413.5180488076526,1801.0086697481333
CYP,2020,946.1580393561098,413.5180488076526,1813.0593867113234
CYP,2021,946.1580393561098,413.5180488076526,1827.3093970067043
CZE,2018,564.0952333369636,413.5180488076526,1853.5521839507683
CZE,2019,564.0952333369636,823.5021545418969,1884.2445815332844
CZE,2020,564.0952333369636,413.5180488076526,1829.2675794561042
CZE,2021,564.0952333369636,413.5180488076526,1840.0092381068584
DEU,2018,457.5570558839984,413.5180488076526,1865.2110851220345
DEU,2019,457.5570558839984,413.5180488076526,1838.832242722432
DEU,2020,457.5570558839984,413.5180488076526,1843.8299219087812
DEU,2021,457.5570558839984,413.5180488076526,1896.9418681808356
DJI,2018,3766.8488536109267,1837.2356934577615,2476.0275877947433
DJI,2019,3940.514853813368,67.34193761912104,2880.1406712840912
DJI,2020,3940.514853813368,1148.987764963807,2886.3885314076406
DJI,2021,3940.514853813368,1148.987764963807,5883.766924432439
DMA,2018,659.1473373165508,601.8845075938206,1792.4390106440837
DMA,2019,659.1473373165508,413.5180488076526,1788.9231481627662
DMA,2020,659.1473373165508,413.5180488076526,1788.9231481627662
DMA,2021,659.1473373165508,413.5180488076526,1797.3481614309098
DNK,2018,564.0952333369636,413.5180488076526,1814.4219615240481
DNK,2019,564.0952333369636,413.5180488076526,1791.2967798137702
DNK,2020,564.0952333369636,413.5180488076526,1791.2967798137702
DNK,2021,564.0952333369636,413.5180488076526,1802.0797698570009
DOM,2018,2149.5234328642246,1838.3152758666654,3428.0829519597014
DOM,2019,2149.5234328642246,2001.1424410871339,4131.1645217017285
DOM,2020,2149.5234328642246,2001.1424410871339,6146.875432996085
DOM,2021,1143.8595879663765,909.5356732845854,4972.15874669933
DZA,2018,14053.92026414481,11905.88086894911,16114.144094553605
DZA,2019,13719.698307071485,110190.22944631599,110053.50157106757
DZA,2020,13415.78507143919,12315.864974683353,27231.695535185332
DZA,2021,13328.998405160995,14598.421457164908,26317.33275082657
ECU,2018,3669.2769353711806,3155.1171489786225,7842.3768806884345
ECU,2019,19790.37936227205,3565.101254712866,12362.673905990847
ECU,2020,3669.2769353711806,3155.1171489786225,10421.97876254682
ECU,2021,19790.37936227205,3565.101254712866,10922.200793526765
EGY,2018,96669.16445582092,12234.349603085531,11810.167354048945
EGY,2019,96669.16445582092,11815.189326062233,13842.509047750804
EGY,2020,96669.16445582092,11815.189326062233,12843.286566728038
EGY,2021,96669.16445582092,11815.189326062233,21940.521268983943
ERI,2018,76500.8567966621,49141.19040586886,65917.03678813361
ERI,2019,65374.77484894678,49802.594158011576,88586.49823585655
ERI,2020,111013.32609783822,69992.13497084664,158810.8178406781
ERI,2021,65450.73095680305,218577.29993023223,209640.7109093722
ESP,2018,839.6198619031445,413.5180488076526,1990.2245469363083
ESP,2019,839.6198619031445,823.5021545418969,2556.797359401431
ESP,2020,535.7066262708497,413.5180488076526,1851.883920833728
ESP,2021,839.6198619031445,413.5180488076526,1832.1357918893173
EST,2018,564.0952333369636,0.0,1791.181376179517
EST,2019,564.0952333369636,413.5180488076526,1790.6206071263273
EST,2020,564.0952333369636,413.5180488076526,1790.6206071263273
EST,2021,564.0952333369636,412.22587997305834,1813.223007651197
ETH,2018,42594.15445565825,33278.018135094964,44550.05641137547
ETH,2019,33039.9379675922,29069.37249137232,35342.40836188779
ETH,2020,46164.64315245163,45402.66916597131,63107.78445192915
ETH,2021,52860.148498381146,43124.72957025241,57304.28843781144
FIN,2018,564.0952333369636,413.5180488076526,1816.4076501272975
FIN,2019,564.0952333369636,413.5180488076526,1790.6206071263273
FIN,2020,564.0952333369636,413.5180488076526,1791.2967798137702
FIN,2021,564.0952333369636,413.5180488076526,1791.2967798137702
FJI,2018,659.1473373165508,413.5180488076526,1980.1025766559324
FJI,2019,659.1473373165508,1255.3042658651302,2098.86304085327
FJI,2020,1177.605995947358,967.3797245164131,2392.2746038184423
FJI,2021,659.1473373165508,413.5180488076526,2665.472933751791
FRA,2018,535.7066262708497,413.5180488076526,1912.3905156655942
FRA,2019,535.7066262708497,823.5021545418969,1931.9247856981274
FRA,2020,535.7066262708497,823.5021545418969,1946.429622923687
FRA,2021,535.7066262708497,413.5180488076526,1925.0844149605146
FSM,2018,659.1473373165508,413.5180488076526,1788.2469754753233
FSM,2019,659.1473373165508,413.5180488076526,1788.2469754753233
FSM,2020,659.1473373165508,601.8845075938206,1782.2662805990408
FSM,2021,659.1473373165508,413.5180488076526,1782.7745871471302
GAB,2018,1351.2719961498,649.4556314646144,1992.1583641620841
GAB,2019,1256.219892170213,1009.5300679268088,2009.742158461482
GAB,2020,1351.2719961498,35567.308115209235,2640.116688074421
GAB,2021,1351.2719961498,1059.4397371988587,2034.9932491072288
GBR,2018,839.6198619031445,413.5180488076526,1837.444579586056
GBR,2019,457.5570558839984,413.5180488076526,1829.596319701433
GBR,2020,839.6198619031445,413.5180488076526,1842.179650958174
GBR,2021,457.5570558839984,413.5180488076526,1833.764893548841
GEO,2018,13444.173678505304,40113.532009593095,17172.114186634153
GEO,2019,13444.173678505304,34958.98979752956,30756.677996008013
GEO,2020,13444.173678505304,18544.78972134493,21876.179306376656
GEO,2021,13444.173678505304,18285.816441502862,15825.593983213636
GHA,2018,11646.067353014265,11872.933354584953,10969.914692005439
GHA,2019,11646.067353014265,8563.9008133424,10152.208933769214
GHA,2020,3287.214129352035,3414.0904288206916,7458.984477694201
GHA,2021,3287.214129352035,3585.7984064967172,5914.624793736988
GIN,2018,13444.173678505304,11905.88086894911,16368.576161702771
GIN,2019,16033.416536168872,21126.087657680826,43815.59021752733
GIN,2020,16033.416536168872,12987.105085858573,23451.869732891795
GIN,2021,16033.416536168872,12577.120980124331,14473.38447185341
GMB,2018,13444.173678505304,12164.854148791179,10704.860980017456
GMB,2019,13444.173678505304,12164.854148791179,14051.53836713904
GMB,2020,5172.686382532973,5174.856760643239,8238.093791317198
GMB,2021,3287.214129352035,3414.0904288206916,6844.493331612716
GNB,2018,1862.5127308246654,4530.2479825520795,17275.298618395977
GNB,2019,1375.3075445576244,2061.7479135137582,3702.3904564358754
GNB,2020,659.1473373165508,1255.3042658651302,3608.6711136338076
GNB,2021,659.1473373165508,413.5180488076526,4011.664729329596
GNQ,2018,1256.219892170213,21292.777784483165,1939.168116027297
GNQ,2019,1256.219892170213,850.6848827839624,1914.5805249109017
GNQ,2020,1256.219892170213,850.6848827839624,1927.1460101312755
GNQ,2021,1256.219892170213,21188.634877245557,1932.618398459469
GRC,2018,564.0952333369636,823.5021545418969,1868.5229645542959
GRC,2019,564.0952333369636,413.5180488076526,1859.2074976572253
GRC,2020,564.0952333369636,783.8418842498082,1823.2687761106022
GRC,2021,564.0952333369636,413.5180488076526,1857.3890058591146
GRD,2018,564.0952333369636,413.5180488076526,1798.8334704947706
GRD,2019,564.0952333369636,413.5180488076526,1788.9231481627662
GRD,2020,659.1473373165508,601.8845075938206,1783.3120281999313
GRD,2021,659.1473373165508,601.8845075938206,1788.7844165281244
GTM,2018,109941.75725815036,51159.912018261566,68749.39664736262
GTM,2019,183704.3074580165,68334.8234379281,74419.09053636205
GTM,2020,204517.6266712426,214189.54264349764,118781.59823546509
GTM,2021,270687.0677577542,177129.17532681293,118287.17552235215
GUY,2018,659.1473373165508,413.5180488076526,1920.199602281572
GUY,2019,659.1473373165508,413.5180488076526,1930.0924751691368
GUY,2020,564.0952333369636,672.4913286497214,1915.4098683685597
GUY,2021,564.0952333369636,413.5180488076526,1901.8785888314474
HKG,2018,564.0952333369636,975.9754994308997,1850.526026171125
HKG,2019,564.0952333369636,1434.0013490062906,11393.353617215524
HKG,2020,564.0952333369636,1139.693280799534,11822.45505743986
HKG,2021,564.0952333369636,2507.820192825787,13784.32364964072
HND,2018,41777.647650569685,41843.60508680251,45124.53308864781
HND,2019,87477.3522738969,70980.48654766833,72417.9103659017
HND,2020,69833.15448125199,56192.51492111708,65780.08084075052
HND,2021,48784.40092374815,36671.81167852417,50959.38658547203
HRV,2018,564.0952333369636,1482.0571918638009,1888.2859530165802
HRV,2019,564.0952333369636,413.5180488076526,1863.233754151065
HRV,2020,564.0952333369636,1072.0730861295565,1873.6531322003302
HRV,2021,564.0952333369636,1072.0730861295565,1852.5767926584545
HTI,2018,26833.55460726685,22090.99978479738,26992.713829610067
HTI,2019,27719.87743055145,25135.93138787557,29485.976786012267
HTI,2020,38520.01550164941,38688.58827451217,41381.728598950234
HTI,2021,43439.999601768286,48238.86237249304,52127.052820141194
HUN,2018,564.0952333369636,5654.067429292101,5130.395474625945
HUN,2019,564.0952333369636,413.5180488076526,2377.4393811902764
HUN,2020,564.0952333369636,1776.2722349782296,3122.5051976022223
HUN,2021,564.0952333369636,413.5180488076526,2217.293510460255
IDN,2018,4794.669805253881,2500.6745745863277,9372.225026156872
IDN,2019,2205.4269475903156,2555.6096954029895,11137.191824598227
IDN,2020,2205.4269475903156,2145.625589668745,10149.634687871334
IDN,2021,0.0,1463.3973489933458,12880.862846734632
IND,2018,27950.492305967196,23396.730824315266,25802.153559712973
IND,2019,52834.14056957792,65983.55587600524,53549.294230085696
IND,2020,48312.14918843938,31894.052565344136,46927.84911054571
IND,2021,39636.95320034979,28308.486432693913,28855.332346805528
IRL,2018,564.0952333369636,413.5180488076526,1788.5004892326915
IRL,2019,564.0952333369636,413.5180488076526,1780.3642842734048
IRL,2020,564.0952333369636,413.5180488076526,1780.3642842734048
IRL,2021,564.0952333369636,413.5180488076526,1812.9997279716922
IRN,2018,111566.64199255126,80902.02006117093,158328.8323489875
IRN,2019,85389.35966822173,79405.8917272018,134834.5394331514
IRN,2020,24528.56197310254,45604.254261794405,99843.48263187795
IRN,2021,12979.258630855817,25351.10056422695,78039.10205788352
IRQ,2018,70326.20305016435,77645.4654937299,93918.31524669309
IRQ,2019,86307.1053416365,118507.9138590745,149442.95664552334
IRQ,2020,72904.21601054654,86738.45193846799,135701.11763405506
IRQ,2021,85511.83364966178,63415.227096183815,108182.1229656266
ISL,2018,564.0952333369636,413.5180488076526,1790.6206071263273
ISL,2019,564.0952333369636,413.5180488076526,1823.074218869393
ISL,2020,564.0952333369636,1010.8892337531836,3015.00282927672
ISL,2021,564.0952333369636,413.5180488076526,1790.6206071263273
ISR,2018,76.85178186060482,4729.8164545354675,3217.7409866262688
ISR,2019,458.91458787975114,2879.0240279639675,4375.68567442024
ISR,2020,3535.400897019678,3468.6889152333724,2261.916710602844
ISR,2021,3535.400897019678,3572.831822470982,2322.746393543011
ITA,2018,839.6198619031445,413.5180488076526,1848.5731125839889
ITA,2019,839.6198619031445,413.5180488076526,1936.945815291887
ITA,2020,839.6198619031445,413.5180488076526,1873.6879138279514
ITA,2021,839.6198619031445,413.5180488076526,1962.639800162801
JAM,2018,1177.605995947358,967.3797245164131,3128.3453708277207
JAM,2019,1177.605995947358,967.3797245164131,2868.7266504447052
JAM,2020,1177.605995947358,967.3797245164131,2797.1456201412943
JAM,2021,659.1473373165508,413.5180488076526,2371.513775652573
JOR,2018,1862.5127308246654,2001.1424410871339,3872.088616032105
JOR,2019,2615.8783606755755,2001.1424410871339,3954.1755017808964
JOR,2020,2233.81555465643,2001.1424410871339,4438.229012094808
JOR,2021,2128.6731744085355,1463.3973489933458,3842.4546017356724
JPN,2018,535.7066262708497,0.0,1818.6012740165656
JPN,2019,535.7066262708497,413.5180488076526,1845.4346032136245
JPN,2020,535.7066262708497,413.5180488076526,1846.4491871173004
JPN,2021,535.7066262708497,550.2852591598013,1839.4524334216762
KAZ,2018,2830.8881095100915,2237.0800237440963,3762.150638848923
KAZ,2019,2998.459933448316,3140.5733279024153,5830.3319413044965
KAZ,2020,2998.459933448316,2875.0723707497827,4629.328361850541
KAZ,2021,2830.8881095100915,2237.0800237440963,3930.3632469862723
KEN,2018,6090.947969096527,3719.441614056275,4499.728363221837
KEN,2019,5205.121218339142,3058.976104588862,4324.505324794116
KEN,2020,4717.157621703473,2759.647854428396,4353.9254863987335
KEN,2021,4823.058412319995,2645.157723167938,6095.821739858705
KGZ,2018,1375.3075445576244,1300.5701837728773,3378.1476688230427
KGZ,2019,1375.3075445576244,1300.5701837728773,3356.308353569801
KGZ,2020,2067.4322033908734,3970.075074803569,3438.5075020281265
KGZ,2021,1869.7306547806072,1613.3014129076196,3040.7273949737028
KHM,2018,1177.605995947358,967.3797245164131,2432.9777456786073
KHM,2019,2554.6373896579144,2074.2528585236278,3634.6842530453814
KHM,2020,2554.6373896579144,2496.0533035861654,3714.525598259241
KHM,2021,1351.2719961498,956.7659452666938,3021.742248722655
KIR,2018,659.1473373165508,413.5180488076526,2148.244042805364
KIR,2019,659.1473373165508,1843.4358922804565,1892.5336952660718
KIR,2020,659.1473373165508,413.5180488076526,3075.5425945974703
KIR,2021,659.1473373165508,1255.3042658651302,2145.1870581845346
KNA,2018,564.0952333369636,413.5180488076526,1854.5919297019286
KNA,2019,564.0952333369636,601.8845075938206,1850.5261054243497
KNA,2020,564.0952333369636,413.5180488076526,1844.854687259588
KNA,2021,564.0952333369636,413.5180488076526,1851.0032482752245
KOR,2018,535.7066262708497,0.0,1915.0313870806785
KOR,2019,535.7066262708497,0.0,1922.7433936353355
KOR,2020,535.7066262708497,0.0,1897.6879423942878
KOR,2021,535.7066262708497,0.0,1912.7914537655251
KWT,2018,946.1580393561098,413.5180488076526,2400.101631339519
KWT,2019,1464.6166979869172,967.3797245164131,4762.555255979697
KWT,2020,564.0952333369636,413.5180488076526,3864.98502337777
KWT,2021,946.1580393561098,413.5180488076526,2594.9438708759244
LAO,2018,1351.2719961498,850.6848827839624,1908.7513652548541
LAO,2019,1351.2719961498,850.6848827839624,1912.0341699365658
LAO,2020,1351.2719961498,1039.0513415701303,1927.3266798562222
LAO,2021,1351.2719961498,850.6848827839624,1930.6674576686105
LBN,2018,3192.1620253724477,3934.351862464116,6823.904143294427
LBN,2019,2305.0199570151776,31362.768289622585,16280.318965504539
LBN,2020,68074.11894833803,36392.7243592865,7204.297372980647
LBN,2021,115424.14999584112,100773.06772894236,13942.423147352334
LBR,2018,1862.5127308246654,2260.115720929203,3571.7659804788987
LBR,2019,3964.550402221193,2221.902762334608,3844.4488490091326
LBR,2020,3964.550402221193,2230.783574790166,3768.6778970879413
LBR,2021,3248.3901949801193,1172.0234621489142,2856.4049739200946
LBY,2018,10398.907540640992,6120.125939394722,11982.495652114885
LBY,2019,4686.57068977129,10605.583716841338,11261.613661397596
LBY,2020,4942.718402618935,4933.608255409105,14908.406531977647
LBY,2021,2982.3994912309367,3908.47510921257,8123.296131690199
LCA,2018,564.0952333369636,413.5180488076526,1802.0367028998721
LCA,2019,659.1473373165508,413.5180488076526,1864.1168030123304
LCA,2020,659.1473373165508,413.5180488076526,1791.1688645415238
LCA,2021,659.1473373165508,413.5180488076526,1794.1814476095046
LKA,2018,13444.173678505304,12363.830738992432,14268.258668027727
LKA,2019,13444.173678505304,12164.854148791179,11305.062691468524
LKA,2020,11646.067353014265,8563.9008133424,10482.899301246978
LKA,2021,5172.686382532973,5565.606233590458,8320.313346255094
LSO,2018,659.1473373165508,672.4913286497214,2294.718875934632
LSO,2019,659.1473373165508,16944.216077655336,0.0
LSO,2020,659.1473373165508,1562.6878335095141,2868.341774673828
LSO,2021,659.1473373165508,1263.7783648645025,1894.3036844301828
LTU,2018,564.0952333369636,413.5180488076526,1796.1412292879386
LTU,2019,564.0952333369636,413.5180488076526,1806.0399057664854
LTU,2020,564.0952333369636,1011.8686133280646,1843.4163015333902
LTU,2021,564.0952333369636,435.1675471647912,1815.2295106522038
LUX,2018,946.1580393561098,413.5180488076526,1763.2327750032173
LUX,2019,946.1580393561098,413.5180488076526,1789.5335022617874
LUX,2020,946.1580393561098,413.5180488076526,1769.8993437453123
LUX,2021,946.1580393561098,413.5180488076526,1763.2327750032173
LVA,2018,564.0952333369636,413.5180488076526,1791.3572989659078
LVA,2019,564.0952333369636,413.5180488076526,1790.843614708307
LVA,2020,564.0952333369636,413.5180488076526,1790.843614708307
LVA,2021,564.0952333369636,413.5180488076526,1790.843614708307
MAC,2018,564.0952333369636,413.5180488076526,1797.8517188884266
MAC,2019,564.0952333369636,413.5180488076526,1784.2919685365364
MAC,2020,564.0952333369636,413.5180488076526,1820.1194697965611
MAC,2021,564.0952333369636,413.5180488076526,1861.4715644198473
MAR,2018,13719.698307071485,16097.358904935327,25438.95567307831
MAR,2019,13719.698307071485,11905.88086894911,18698.463394890437
MAR,2020,13337.635501052338,11905.88086894911,21027.797817399016
MAR,2021,13337.635501052338,11905.88086894911,24560.61337653801
MDA,2018,2401.3873785946544,2904.6357452454536,4158.9282780448775
MDA,2019,3287.214129352035,3155.1171489786225,5074.249837454364
MDA,2020,3287.214129352035,3299.6002975602337,5577.986214841521
MDA,2021,3287.214129352035,3487.9667563464013,5337.717010985626
MDG,2018,659.1473373165508,823.5021545418969,1910.3893369558127
MDG,2019,3248.3901949801193,913.0501823068452,1884.2971959236797
MDG,2020,3248.3901949801193,1273.1246187690394,1933.0825055427495
MDG,2021,3248.3901949801193,1754.836399364323,1938.7909659232878
MDV,2018,564.0952333369636,975.9754994308997,1858.1544967614382
MDV,2019,564.0952333369636,413.5180488076526,1881.7862190926235
MDV,2020,564.0952333369636,413.5180488076526,1878.4440401698212
MDV,2021,564.0952333369636,413.5180488076526,1861.4715644198473
MEX,2018,79598.84247380607,32104.937158366745,27382.469548194273
MEX,2019,186512.1000629163,39149.53384383311,46328.64565297532
MEX,2020,40814.568397361916,32880.675465576845,43312.323281944104
MEX,2021,31099.418099395916,29575.024255781507,56007.24035729866
MHL,2018,659.1473373165508,413.5180488076526,1788.9231481627662
MHL,2019,659.1473373165508,413.5180488076526,1788.2469754753233
MHL,2020,659.1473373165508,413.5180488076526,1788.2469754753233
MHL,2021,659.1473373165508,1255.3042658651302,1814.9528260048328
MKD,2018,5077.634278553385,5413.132888701459,7794.308498032147
MKD,2019,3192.1620253724477,3487.9667563464013,11546.443186599075
MKD,2020,3192.1620253724477,3155.1171489786225,5102.057704468004
MKD,2021,2537.385015167182,2123.8628584607595,4328.665734424333
MLI,2018,16033.416536168872,19702.885925788065,22593.115831702173
MLI,2019,19777.493480300018,24792.087891721596,29770.872061360224
MLI,2020,18073.322281759665,22682.03321033004,33374.082409071234
MLI,2021,18073.322281759665,24704.63460265712,47904.93926560902
MLT,2018,564.0952333369636,672.4913286497214,1805.6965342606495
MLT,2019,564.0952333369636,558.0011973892636,1795.5897169048617
MLT,2020,564.0952333369636,558.0011973892636,1800.0919084447019
MLT,2021,564.0952333369636,672.4913286497214,1876.6813253049108
MMR,2018,142734.32770505358,78149.36311137317,216039.60322833515
MMR,2019,364161.6861741837,334320.2020569999,305572.44748382474
MMR,2020,70631.98683444416,73160.84841831714,114696.93791030333
MMR,2021,28002.601396806524,90758.14597150685,182972.98250547686
MNE,2018,761.79678194723,909.5356732845854,3294.097655098459
MNE,2019,564.0952333369636,1129.51285989713,5144.194471163525
MNE,2020,564.0952333369636,823.5021545418969,2506.1227291309847
MNE,2021,564.0952333369636,413.5180488076526,2202.579859754047
MNG,2018,3119.6423054138104,2661.607950554547,3731.6819616988346
MNG,2019,2233.81555465643,2189.508899873303,3582.1987291042888
MNG,2020,2233.81555465643,2001.1424410871339,3990.1142284235857
MNG,2021,1746.610368389389,1463.3973489933458,3677.5168632591417
MOZ,2018,3287.214129352035,3155.1171489786225,4987.7491997805755
MOZ,2019,2281.550284454187,2063.5103811760737,4621.352858402878
MOZ,2020,1030.4501611483151,832.6783258309522,8764.243097905526
MOZ,2021,1030.4501611483151,4148.103231300045,4370.518116942443
MRT,2018,2233.81555465643,1838.3152758666654,4425.181582007821
MRT,2019,2233.81555465643,2001.1424410871339,3672.505144597903
MRT,2020,2233.81555465643,2001.1424410871339,5197.507995488715
MRT,2021,3119.6423054138104,3258.9791355000784,5575.77979308258
MUS,2018,564.0952333369636,413.5180488076526,1821.0678817944427
MUS,2019,564.0952333369636,413.5180488076526,1816.0017423275494
MUS,2020,564.0952333369636,413.5180488076526,1814.5420005692304
MUS,2021,564.0952333369636,413.5180488076526,1807.8850989108455
MWI,2018,2632.437119146769,2268.346007042371,3892.8359817024743
MWI,2019,1544.9740880739314,1742.940943851378,3214.4814216558084
MWI,2020,1544.9740880739314,1742.940943851378,2898.7247760869327
MWI,2021,659.1473373165508,860.8577874358895,2559.677551652896
MYS,2018,11444.477071581714,8563.9008133424,9799.03105534272
MYS,2019,11444.477071581714,11872.933354584953,11748.735100235888
MYS,2020,11329.301798237406,11872.933354584953,11053.867245716656
MYS,2021,6613.1698347888005,6129.990151456617,11432.023149103576
NAM,2018,659.1473373165508,413.5180488076526,1835.7214986973604
NAM,2019,659.1473373165508,558.0011973892636,1896.2434701244933
NAM,2020,659.1473373165508,413.5180488076526,1924.2193585257814
NAM,2021,659.1473373165508,413.5180488076526,1935.7842204355838
NER,2018,5545.113515207238,4236.243502302924,3547.012774992616
NER,2019,1862.5127308246654,2257.4755528899655,4581.074234087879
NER,2020,4685.481196265931,8199.988873365819,5229.949805823619
NER,2021,9860.95101181339,18325.996544271853,25535.818845906244
NGA,2018,273145.1266690765,39135.39134518912,70789.80212588943
NGA,2019,280243.7069567516,39357.08860681808,92250.19368841338
NGA,2020,321752.7993014621,59063.076759294534,109715.33475825046
NGA,2021,328074.51013455703,60586.017942646344,100018.11114695382
NIC,2018,11646.067353014265,20193.046641488196,18556.515820488745
NIC,2019,35930.772643985845,38178.70891699012,60736.04428875164
NIC,2020,31438.616872203547,32927.745987718496,70658.83464765649
NIC,2021,58657.145660598726,63326.76588666971,42176.56105120635
NLD,2018,839.6198619031445,413.5180488076526,1820.885151698311
NLD,2019,839.6198619031445,413.5180488076526,1820.885151698311
NLD,2020,839.6198619031445,413.5180488076526,1820.885151698311
NLD,2021,2454.019896833095,413.5180488076526,1818.932960026928
NOR,2018,564.0952333369636,413.5180488076526,1808.4496505727284
NOR,2019,946.1580393561098,413.5180488076526,1812.6960440873213
NOR,2020,946.1580393561098,413.5180488076526,1803.374518997231
NOR,2021,564.0952333369636,413.5180488076526,1804.572158344181
NPL,2018,3287.214129352035,3414.0904288206916,10738.905874828222
NPL,2019,3669.2769353711806,3824.0745345549353,4982.791967716716
NPL,2020,3287.214129352035,4162.472439658397,5355.286337070785
NPL,2021,3287.214129352035,3565.101254712866,4331.138563785717
NRU,2018,659.1473373165508,1011.8686133280646,2035.2446092853027
NRU,2019,659.1473373165508,823.5021545418969,1858.5988669536887
NRU,2020,28844.672067648695,11342.611607698174,10770.630326713548
NRU,2021,659.1473373165508,601.8845075938206,1842.3134975890202
NZL,2018,946.1580393561098,413.5180488076526,1805.9793866143477
NZL,2019,946.1580393561098,413.5180488076526,1825.2034516345361
NZL,2020,946.1580393561098,413.5180488076526,1816.5658816337955
NZL,2021,946.1580393561098,413.5180488076526,1848.721647668423
OMN,2018,564.0952333369636,413.5180488076526,1951.5969355500251
OMN,2019,946.1580393561098,413.5180488076526,1950.496269814575
OMN,2020,946.1580393561098,413.5180488076526,1864.068203652831
OMN,2021,946.1580393561098,413.5180488076526,1951.5969355500251
PAK,2018,100036.21963414681,61597.179874809524,50664.25227168962
PAK,2019,88070.00519519883,58675.087599998544,39301.033980401706
PAK,2020,37709.69468329954,53583.41711116656,80886.89213955654
PAK,2021,24375.71626960414,27839.455122654057,41268.38061826134
PAN,2018,946.1580393561098,413.5180488076526,1800.3294439923038
PAN,2019,564.0952333369636,413.5180488076526,1800.3294439923038
PAN,2020,946.1580393561098,413.5180488076526,1817.154391820548
PAN,2021,564.0952333369636,413.5180488076526,1810.3785011776858
PER,2018,18365.67796374468,1838.3152758666654,7205.376204595613
PER,2019,21493.79546917824,2994.183773010402,8876.892740082892
PER,2020,6258.519793034752,3654.6492824778147,9300.32697347951
PER,2021,25923.461145015153,5768.18187361904,15780.655693125584
PHL,2018,14110.642544659886,4568.129287105646,16791.36123095357
PHL,2019,11222.208426976391,22566.222386197984,9118.796354103533
PHL,2020,12778.082057074265,0.0,9502.854601396852
PHL,2021,14107.664160018103,2478.459267245095,21217.23604893448
PLW,2018,659.1473373165508,413.5180488076526,1788.2469754753233
PLW,2019,659.1473373165508,413.5180488076526,1808.5616301481
PLW,2020,659.1473373165508,413.5180488076526,1782.7745871471302
PLW,2021,659.1473373165508,601.8845075938206,1781.7288395462397
PNG,2018,659.1473373165508,413.5180488076526,1891.1697094004485
PNG,2019,3248.3901949801193,1172.0234621489142,1913.0427746091923
PNG,2020,659.1473373165508,672.4913286497214,1912.5216587040404
PNG,2021,659.1473373165508,413.5180488076526,1908.2982508389146
POL,2018,839.6198619031445,413.5180488076526,1964.2134799362727
POL,2019,839.6198619031445,413.5180488076526,1926.0184047275052
POL,2020,839.6198619031445,823.5021545418969,1982.188616630322
POL,2021,839.6198619031445,558.0011973892636,1864.6512748180144
PRI,2018,564.0952333369636,413.5180488076526,1801.245008717045
PRI,2019,564.0952333369636,413.5180488076526,1907.576914103614
PRI,2020,564.0952333369636,558.0011973892636,1885.480585729024
PRI,2021,564.0952333369636,614.7473001270001,1917.532685269348
PRT,2018,946.1580393561098,413.5180488076526,1890.3558523140491
PRT,2019,946.1580393561098,413.5180488076526,1829.1573704608008
PRT,2020,946.1580393561098,413.5180488076526,1823.1369128474435
PRT,2021,17067.26046625698,413.5180488076526,1828.3899213026334
PRY,2018,659.1473373165508,413.5180488076526,1866.1530173823107
PRY,2019,659.1473373165508,413.5180488076526,1871.6254057105039
PRY,2020,659.1473373165508,413.5180488076526,1924.3603628941637
PRY,2021,659.1473373165508,823.5021545418969,1999.3519205486853
QAT,2018,564.0952333369636,6345.861328471955,4374.495616265188
QAT,2019,564.0952333369636,6345.861328471955,1905.1467744186252
QAT,2020,564.0952333369636,413.5180488076526,1922.112283810542
QAT,2021,564.0952333369636,413.5180488076526,1920.6850204419147
ROU,2018,1767.4606268450782,2248.2993816009093,3808.1915513453237
ROU,2019,1767.4606268450782,2001.1424410871339,4390.372646980946
ROU,2020,1767.4606268450782,2001.1424410871339,4311.47356723466
ROU,2021,761.79678194723,909.5356732845854,6270.941867848383
RUS,2018,24740.88896454694,24922.677976506173,26811.424908263187
RUS,2019,24740.88896454694,30399.529311041697,26512.599287686287
RUS,2020,13054.42807016437,21430.942485794807,25268.30807154575
RUS,2021,13054.42807016437,41005.576910452204,28276.749080434678
RWA,2018,5876.456987015606,4514.433571119068,5410.608880388511
RWA,2019,3287.214129352035,4014.901437619875,4684.064019303306
RWA,2020,5876.456987015606,4514.433571119068,9263.529380410238
RWA,2021,7761.929240196544,6217.982056526047,6034.911720670554
SAU,2018,2050.203179367201,1968.1899840976344,4792.705171506313
SAU,2019,1531.744520736394,1373.9880670448706,3625.3382770337967
SAU,2020,1531.744520736394,1918.624195631041,2682.473758907102
SAU,2021,1531.744520736394,6783.028162448264,8884.99934088293
SDN,2018,100379.55467055402,126807.0563657357,56413.94968053748
SDN,2019,99264.66198077193,179565.02737102043,176796.08044220216
SDN,2020,115955.38288209187,171521.7354328559,93267.25039538715
SDN,2021,112034.6563536316,160930.66462351714,103307.17911647071
SEN,2018,16033.416536168872,34398.423955209764,29409.207040809255
SEN,2019,13444.173678505304,11905.88086894911,12021.696527973168
SEN,2020,11646.067353014265,11613.960074742885,10997.401630004104
SEN,2021,5172.686382532973,5268.649740119847,11823.663243396953
SGP,2018,564.0952333369636,413.5180488076526,1848.319877951128
SGP,2019,564.0952333369636,413.5180488076526,1835.7811912602979
SGP,2020,564.0952333369636,413.5180488076526,1848.319877951128
SGP,2021,564.0952333369636,413.5180488076526,1848.6822876416395
SLB,2018,659.1473373165508,601.8845075938206,1791.2967798137702
SLB,2019,659.1473373165508,601.8845075938206,1791.1580481791284
SLB,2020,659.1473373165508,672.4913286497214,1791.2967798137702
SLB,2021,659.1473373165508,672.4913286497214,1813.8991803386398
SLE,2018,2233.81555465643,2145.625589668745,3804.8488521425566
SLE,2019,2233.81555465643,2001.1424410871339,4808.969237208822
SLE,2020,2401.3873785946544,2494.65163951121,4068.7845755537164
SLE,2021,2233.81555465643,2001.1424410871339,4095.023594159772
SLV,2018,67625.97442960758,85928.57575824947,47396.739453388196
SLV,2019,63361.38482452401,49089.296884236144,48169.69665475392
SLV,2020,80464.46988483719,56032.881922468456,39030.30429763376
SLV,2021,110181.98294191148,111211.66923627426,86491.93368589523
SMR,2018,564.0952333369636,413.5180488076526,1782.7745871471302
SMR,2019,564.0952333369636,4110.010312640987,1788.372824390322
SMR,2020,564.0952333369636,413.5180488076526,1781.7288395462397
SMR,2021,564.0952333369636,1255.3042658651302,1826.8664265718808
SOM,2018,57491.10807678345,58555.35359945326,54448.52080386305
SOM,2019,89266.47418961523,54618.32103959163,58177.91530999764
SOM,2020,59657.39689504714,36533.838339147835,77148.91529444851
SOM,2021,93025.48049574392,51744.31549276322,72142.56917909526
SRB,2018,46755.83963952511,80414.35653558865,32988.287960209775
SRB,2019,13349.121574525718,12315.864974683353,23277.45592863105
SRB,2020,11551.015249034679,9373.466676556478,17123.283410333
SRB,2021,5077.634278553385,5705.5871304936745,18691.508941787397
SSD,2018,533077.2253242088,359892.8245859008,435907.4432571703
SSD,2019,536112.9645123997,386242.26567550126,416394.84376766096
SSD,2020,140921.35447444546,132543.52944090447,274916.59434283664
SSD,2021,47817.96020572614,44940.259929547894,231397.81315108185
STP,2018,659.1473373165508,413.5180488076526,11340.962655429214
STP,2019,659.1473373165508,1255.3042658651302,1838.476209546795
STP,2020,659.1473373165508,413.5180488076526,1789.0401685326901
STP,2021,659.1473373165508,413.5180488076526,1792.8975998281753
SUR,2018,564.0952333369636,413.5180488076526,1809.561907999228
SUR,2019,564.0952333369636,413.5180488076526,1850.3294129000737
SUR,2020,4594.239259746243,6049.828433474843,1827.4099333181757
SUR,2021,4594.239259746243,6049.828433474843,1742.8537955437466
SVK,2018,564.0952333369636,967.9853031235078,2022.6301543859518
SVK,2019,564.0952333369636,823.5021545418969,1988.8117568131279
SVK,2020,564.0952333369636,413.5180488076526,2702.0680089467614
SVK,2021,946.1580393561098,413.5180488076526,1813.6115911461484
SVN,2018,564.0952333369636,413.5180488076526,1791.3720506323803
SVN,2019,564.0952333369636,413.5180488076526,1791.2967798137702
SVN,2020,564.0952333369636,558.0011973892636,1791.2967798137702
SVN,2021,564.0952333369636,558.0011973892636,1790.6206071263273
SWE,2018,946.1580393561098,413.5180488076526,1839.0371200143181
SWE,2019,946.1580393561098,823.5021545418969,1891.8388414398996
SWE,2020,946.1580393561098,823.5021545418969,1855.4992546541434
SWE,2021,946.1580393561098,413.5180488076526,1816.5660323352008
SWZ,2018,1351.2719961498,1109.6581626260308,1910.4037169079752
SWZ,2019,3940.514853813368,1989.6531282161468,1908.0119515960332
SWZ,2020,3940.514853813368,3285.4740066671648,1893.4268702319432
SWZ,2021,3940.514853813368,3841.5283531796053,1745.5329319905695
SYC,2018,564.0952333369636,601.8845075938206,1847.9557812490698
SYC,2019,564.0952333369636,413.5180488076526,1848.2941924653028
SYC,2020,564.0952333369636,413.5180488076526,1848.2941924653028
SYC,2021,564.0952333369636,413.5180488076526,1910.3742925777606
SYR,2018,512984.1871651555,718050.529412158,585095.743555161
SYR,2019,534172.6886031769,643969.6255629715,540561.1504758677
SYR,2020,543407.2092083936,604254.0914224223,581873.1586033852
SYR,2021,174462.75053521345,213360.72068786863,326237.67045992316
TCD,2018,6480.596656113418,4248.835974828654,26169.64568816368
TCD,2019,8440.915567501415,4830.823417072423,12358.531696751297
TCD,2020,7030.23128607079,5324.332615496498,5679.398696964429
TCD,2021,6480.596656113418,5329.200490835137,5796.707808071219
TGO,2018,2244.5755368438117,2411.1265468213783,3777.995300621031
TGO,2019,4833.818394507377,2372.9135882267833,3627.973319545303
TGO,2020,1757.3703505767708,13814.634325680312,7112.85243602201
TGO,2021,1041.2101433356972,558.0011973892636,4201.054822978017
THA,2018,1729.4460693466604,982.646090721079,4211.3742713322
THA,2019,1739.0720197789644,1838.3152758666654,6968.27354607287
THA,2020,2431.196678612213,2906.037409320409,9700.837015572399
THA,2021,2247.904727977467,2253.802185966164,12942.952947019137
TJK,2018,2554.6373896579144,2438.309275063444,3743.2327853148167
TJK,2019,5027.977884886203,2400.096316468849,3755.6052166224167
TJK,2020,2925.9402134896786,1737.737017749187,3669.0871020855793
TJK,2021,1722.5748199815644,850.6848827839624,3061.828111947633
TKM,2018,1256.219892170213,850.6848827839624,3764.7467081863
TKM,2019,1256.219892170213,850.6848827839624,2106.990060368003
TKM,2020,1256.219892170213,1022.3928604599881,2104.784593108184
TKM,2021,1256.219892170213,850.6848827839624,2003.2899740995847
TLS,2018,659.1473373165508,413.5180488076526,1858.9614133182486
TLS,2019,659.1473373165508,413.5180488076526,1861.4289946324734
TLS,2020,659.1473373165508,413.5180488076526,1864.7722128626747
TLS,2021,659.1473373165508,0.0,1895.6530038089131
TON,2018,659.1473373165508,413.5180488076526,1788.2469754753233
TON,2019,659.1473373165508,601.8845075938206,1859.1214601801962
TON,2020,659.1473373165508,413.5180488076526,1805.0687927206036
TON,2021,659.1473373165508,413.5180488076526,1829.433194493191
TTO,2018,564.0952333369636,558.0011973892636,1898.44502689322
TTO,2019,564.0952333369636,832.6783258309522,1900.3246646744
TTO,2020,564.0952333369636,413.5180488076526,1829.8964947060726
TTO,2021,564.0952333369636,844.1993063257478,1818.4081640250497
TUN,2018,3119.6423054138104,3490.7523333120903,4367.648846695405
TUN,2019,3287.214129352035,3565.101254712866,4721.130758200213
TUN,2020,3287.214129352035,3565.101254712866,4824.512363650949
TUN,2021,3669.2769353711806,4927.8554408834425,4490.433594925635
TUR,2018,25101.153186583964,22232.973112940137,24133.422693237866
TUR,2019,36787.61408096655,30109.25697334933,29841.353828037405
TUR,2020,34827.295169578545,28197.118643143014,27701.139957675867
TUR,2021,22140.98369752118,24653.48508682203,22117.597051314904
TUV,2018,659.1473373165508,413.5180488076526,1781.7288395462397
TUV,2019,659.1473373165508,413.5180488076526,1788.3954082883351
TUV,2020,659.1473373165508,413.5180488076526,1752.012214577689
TUV,2021,659.1473373165508,413.5180488076526,1781.7288395462397
TWN,2018,,,
TWN,2019,,,
TWN,2020,,,
TWN,2021,,,
TZA,2018,1041.2101433356972,558.0011973892636,2358.9509515721606
TZA,2019,659.1473373165508,413.5180488076526,2193.2485954972026
TZA,2020,1041.2101433356972,585.2260264836788,2148.760095820124
TZA,2021,1041.2101433356972,413.5180488076526,2169.541837280812
UGA,2018,2453.969156662071,0.0,13864.036295433605
UGA,2019,5037.10797938948,0.0,14168.48755544502
UGA,2020,0.0,2244.916762977074,9578.554441219558
UGA,2021,5708.885163077381,3332.848061729766,4528.142539849226
UKR,2018,43508.8898666796,34570.97942165339,44999.0685032764
UKR,2019,91013.68616054121,28708.340918920236,71772.94020102594
UKR,2020,17389.28792466265,17005.5495376162,72418.63285092068
UKR,2021,12437.32818343628,25067.567506288455,49842.82493155479
URY,2018,564.0952333369636,1983.330790110675,3642.5044438369587
URY,2019,564.0952333369636,413.5180488076526,1794.319617830045
URY,2020,564.0952333369636,413.5180488076526,1790.7064622516114
URY,2021,564.0952333369636,413.5180488076526,1809.0057498125875
USA,2018,0.0,2257.4755528899655,11020.375958073353
USA,2019,0.0,2563.599891710381,14048.048783962204
USA,2020,0.0,2563.599891710381,13633.737640716648
USA,2021,0.0,1891.1534009311315,12093.845722405275
UVK,2018,,,
UVK,2019,,,
UVK,2020,,,
UVK,2021,,,
UZB,2018,3811.766964247059,3098.774784530857,4510.6254739369215
UZB,2019,4193.829770266205,3098.774784530857,5788.302019339613
UZB,2020,4193.829770266205,3098.774784530857,7548.427873899014
UZB,2021,2925.9402134896786,2438.309275063444,9268.41724836708
VCT,2018,659.1473373165508,601.8845075938206,1802.5741439526732
VCT,2019,659.1473373165508,413.5180488076526,1802.712875587315
VCT,2020,659.1473373165508,558.0011973892636,1807.2277478891642
VCT,2021,659.1473373165508,823.5021545418969,1808.207735049648
VEN,2018,604900.1976086051,330035.8431703172,330397.1460606112
VEN,2019,588126.4327504373,449401.70391337975,420255.9615676227
VEN,2020,737197.8799635299,583334.6043421028,471482.70885428786
VEN,2021,735635.7655656711,633130.2667864345,454719.42491566663
VNM,2018,3950.9501811191694,3391.054731635584,14925.585365271509
VNM,2019,5836.422434300109,5094.603217042562,12929.962042947862
VNM,2020,5643.09759056895,5295.83246836191,14059.70904162833
VNM,2021,3950.9501811191694,3592.283982954932,30394.122414536974
VUT,2018,659.1473373165508,413.5180488076526,1791.2967798137702
VUT,2019,659.1473373165508,413.5180488076526,1790.6206071263273
VUT,2020,659.1473373165508,413.5180488076526,1791.2967798137702
VUT,2021,659.1473373165508,413.5180488076526,1790.6206071263273
WBG,2018,,,
WBG,2019,,,
WBG,2020,,,
WBG,2021,,,
WSM,2018,659.1473373165508,413.5180488076526,1798.8334704947706
WSM,2019,659.1473373165508,413.5180488076526,1798.8334704947706
WSM,2020,659.1473373165508,413.5180488076526,1792.1634428196276
WSM,2021,659.1473373165508,413.5180488076526,1782.7745871471302
YEM,2018,53280.48640586971,38272.49911504014,37718.702385416575
YEM,2019,15906.514233694788,30515.709019312188,35940.150133422976
YEM,2020,41035.90912215933,37418.286577303435,34003.91901014909
YEM,2021,59687.225821370266,74081.47291831758,26648.209906732947
ZAF,2018,1071.0678184943927,1521.8469788322682,2582.6961180796916
ZAF,2019,3660.3106761579616,1876.8959637498501,2956.7206727487223
ZAF,2020,4345.217411035265,3006.804794942171,3250.204065371745
ZAF,2021,3141.852017527154,1905.0217302848578,2930.7503016966716
ZMB,2018,659.1473373165508,672.4913286497214,1956.9268382823716
ZMB,2019,659.1473373165508,672.4913286497214,1943.5033963440505
ZMB,2020,659.1473373165508,672.4913286497214,2329.196373805036
ZMB,2021,659.1473373165508,558.0011973892636,2484.121539666632
ZWE,2018,12250.59747430031,20486.610267522527,20886.894077411747
ZWE,2019,58524.06709877435,53646.00443708321,34614.42671237157
ZWE,2020,56384.25385679269,62232.9677228772,40736.99000390827
ZWE,2021,22890.569707523133,24820.05732670254,18933.94641156775
